title,url,screenshot,x_profile
Neon Racer,https://example.com/neon-racer,https://picsum.photos/id/237/300/200,https://x.com/creator1
Quantum Puzzle,https://example.com/quantum-puzzle,https://picsum.photos/id/238/300/200,https://x.com/creator2
Cyber Maze,https://example.com/cyber-maze,https://picsum.photos/id/239/300/200,https://x.com/creator3
Pixel Runner,https://example.com/pixel-runner,https://picsum.photos/id/240/300/200,https://x.com/creator4
Space Drifter,https://example.com/space-drifter,https://picsum.photos/id/241/300/200,https://x.com/creator5
Glitch Escape,https://example.com/glitch-escape,https://picsum.photos/id/341/300/200,https://x.com/creator6
Retro Blaster,https://example.com/retro-blaster,https://picsum.photos/id/243/300/200,https://x.com/creator7
Neon Drift,https://example.com/neon-drift,https://picsum.photos/id/244/300/200,https://x.com/creator8
Code Breaker,https://example.com/code-breaker,https://picsum.photos/id/264/300/200,https://x.com/creator9
Byte Jumper,https://example.com/byte-jumper,https://picsum.photos/id/266/300/200,https://x.com/creator10
Synth Wave,https://example.com/synth-wave,https://picsum.photos/id/260/300/200,https://x.com/creator11
Grid Runner,https://example.com/grid-runner,https://picsum.photos/id/261/300/200,https://x.com/creator12
Virtual Dash,https://example.com/virtual-dash,https://picsum.photos/id/265/300/200,https://x.com/creator13
Flux Shooter,https://example.com/flux-shooter,https://picsum.photos/id/250/300/200,https://x.com/creator14
Chrono Shift,https://example.com/chrono-shift,https://picsum.photos/id/251/300/200,https://x.com/creator15
Astro Glide,https://example.com/astro-glide,https://picsum.photos/id/252/300/200,https://x.com/creator16
Pulse Runner,https://example.com/pulse-runner,https://picsum.photos/id/253/300/200,https://x.com/creator17
Data Storm,https://example.com/data-storm,https://picsum.photos/id/254/300/200,https://x.com/creator18
Echo Blast,https://example.com/echo-blast,https://picsum.photos/id/255/300/200,https://x.com/creator19
Void Walker,https://example.com/void-walker,https://picsum.photos/id/256/300/200,https://x.com/creator20
Star Chaser,https://example.com/star-chaser,https://picsum.photos/id/257/300/200,https://x.com/creator21
Laser Quest,https://example.com/laser-quest,https://picsum.photos/id/258/300/200,https://x.com/creator22
Time Warp,https://example.com/time-warp,https://picsum.photos/id/259/300/200,https://x.com/creator23
Binary Dash,https://example.com/binary-dash,https://picsum.photos/id/262/300/200,https://x.com/creator24
Cosmo Clash,https://example.com/cosmo-clash,https://picsum.photos/id/263/300/200,https://x.com/creator25
Neon Pulse,https://example.com/neon-pulse,https://picsum.photos/id/267/300/200,https://x.com/creator26
Shadow Run,https://example.com/shadow-run,https://picsum.photos/id/268/300/200,https://x.com/creator27
Pixel Quest,https://example.com/pixel-quest,https://picsum.photos/id/269/300/200,https://x.com/creator28
Quantum Leap,https://example.com/quantum-leap,https://picsum.photos/id/270/300/200,https://x.com/creator29
Cyber Drift,https://example.com/cyber-drift,https://picsum.photos/id/271/300/200,https://x.com/creator30
Glitch Runner,https://example.com/glitch-runner,https://picsum.photos/id/272/300/200,https://x.com/creator31
Retro Wave,https://example.com/retro-wave,https://picsum.photos/id/273/300/200,https://x.com/creator32
Code Clash,https://example.com/code-clash,https://picsum.photos/id/274/300/200,https://x.com/creator33
Byte Blast,https://example.com/byte-blast,https://picsum.photos/id/275/300/200,https://x.com/creator34
Synth Drift,https://example.com/synth-drift,https://picsum.photos/id/276/300/200,https://x.com/creator35
Grid Clash,https://example.com/grid-clash,https://picsum.photos/id/277/300/200,https://x.com/creator36
Virtual Leap,https://example.com/virtual-leap,https://picsum.photos/id/278/300/200,https://x.com/creator37
Flux Runner,https://example.com/flux-runner,https://picsum.photos/id/279/300/200,https://x.com/creator38
Chrono Dash,https://example.com/chrono-dash,https://picsum.photos/id/280/300/200,https://x.com/creator39
Astro Pulse,https://example.com/astro-pulse,https://picsum.photos/id/281/300/200,https://x.com/creator40
Pulse Wave,https://example.com/pulse-wave,https://picsum.photos/id/282/300/200,https://x.com/creator41
Data Dash,https://example.com/data-dash,https://picsum.photos/id/283/300/200,https://x.com/creator42
Echo Runner,https://example.com/echo-runner,https://picsum.photos/id/284/300/200,https://x.com/creator43
Void Drift,https://example.com/void-drift,https://picsum.photos/id/343/300/200,https://x.com/creator44
Star Pulse,https://example.com/star-pulse,https://picsum.photos/id/344/300/200,https://x.com/creator45
Laser Dash,https://example.com/laser-dash,https://picsum.photos/id/287/300/200,https://x.com/creator46
Time Runner,https://example.com/time-runner,https://picsum.photos/id/288/300/200,https://x.com/creator47
Binary Leap,https://example.com/binary-leap,https://picsum.photos/id/289/300/200,https://x.com/creator48
Cosmo Pulse,https://example.com/cosmo-pulse,https://picsum.photos/id/290/300/200,https://x.com/creator49
Neon Clash,https://example.com/neon-clash,https://picsum.photos/id/291/300/200,https://x.com/creator50
Shadow Drift,https://example.com/shadow-drift,https://picsum.photos/id/292/300/200,https://x.com/creator51
Pixel Dash,https://example.com/pixel-dash,https://picsum.photos/id/293/300/200,https://x.com/creator52
Quantum Wave,https://example.com/quantum-wave,https://picsum.photos/id/294/300/200,https://x.com/creator53
Cyber Pulse,https://example.com/cyber-pulse,https://picsum.photos/id/295/300/200,https://x.com/creator54
Glitch Wave,https://example.com/glitch-wave,https://picsum.photos/id/296/300/200,https://x.com/creator55
Retro Dash,https://example.com/retro-dash,https://picsum.photos/id/297/300/200,https://x.com/creator56
Code Runner,https://example.com/code-runner,https://picsum.photos/id/345/300/200,https://x.com/creator57
Byte Wave,https://example.com/byte-wave,https://picsum.photos/id/299/300/200,https://x.com/creator58
Synth Pulse,https://example.com/synth-pulse,https://picsum.photos/id/300/300/200,https://x.com/creator59
Grid Dash,https://example.com/grid-dash,https://picsum.photos/id/301/300/200,https://x.com/creator60
Virtual Wave,https://example.com/virtual-wave,https://picsum.photos/id/302/300/200,https://x.com/creator61
Flux Dash,https://example.com/flux-dash,https://picsum.photos/id/347/300/200,https://x.com/creator62
Chrono Wave,https://example.com/chrono-wave,https://picsum.photos/id/304/300/200,https://x.com/creator63
Astro Dash,https://example.com/astro-dash,https://picsum.photos/id/305/300/200,https://x.com/creator64
Pulse Clash,https://example.com/pulse-clash,https://picsum.photos/id/306/300/200,https://x.com/creator65
Data Wave,https://example.com/data-wave,https://picsum.photos/id/307/300/200,https://x.com/creator66
Echo Dash,https://example.com/echo-dash,https://picsum.photos/id/308/300/200,https://x.com/creator67
Void Pulse,https://example.com/void-pulse,https://picsum.photos/id/309/300/200,https://x.com/creator68
Star Wave,https://example.com/star-wave,https://picsum.photos/id/310/300/200,https://x.com/creator69
Laser Pulse,https://example.com/laser-pulse,https://picsum.photos/id/311/300/200,https://x.com/creator70
Time Dash,https://example.com/time-dash,https://picsum.photos/id/312/300/200,https://x.com/creator71
Binary Wave,https://example.com/binary-wave,https://picsum.photos/id/313/300/200,https://x.com/creator72
Cosmo Dash,https://example.com/cosmo-dash,https://picsum.photos/id/314/300/200,https://x.com/creator73
Neon Wave,https://example.com/neon-wave,https://picsum.photos/id/315/300/200,https://x.com/creator74
Shadow Pulse,https://example.com/shadow-pulse,https://picsum.photos/id/316/300/200,https://x.com/creator75
Pixel Wave,https://example.com/pixel-wave,https://picsum.photos/id/317/300/200,https://x.com/creator76
Quantum Dash,https://example.com/quantum-dash,https://picsum.photos/id/318/300/200,https://x.com/creator77
Cyber Wave,https://example.com/cyber-wave,https://picsum.photos/id/319/300/200,https://x.com/creator78
Glitch Pulse,https://example.com/glitch-pulse,https://picsum.photos/id/320/300/200,https://x.com/creator79
Retro Pulse,https://example.com/retro-pulse,https://picsum.photos/id/321/300/200,https://x.com/creator80
Code Wave,https://example.com/code-wave,https://picsum.photos/id/322/300/200,https://x.com/creator81
Byte Dash,https://example.com/byte-dash,https://picsum.photos/id/323/300/200,https://x.com/creator82
Synth Dash,https://example.com/synth-dash,https://picsum.photos/id/324/300/200,https://x.com/creator83
Grid Wave,https://example.com/grid-wave,https://picsum.photos/id/325/300/200,https://x.com/creator84
Virtual Pulse,https://example.com/virtual-pulse,https://picsum.photos/id/326/300/200,https://x.com/creator85
Flux Wave,https://example.com/flux-wave,https://picsum.photos/id/327/300/200,https://x.com/creator86
Chrono Pulse,https://example.com/chrono-pulse,https://picsum.photos/id/328/300/200,https://x.com/creator87
Astro Wave,https://example.com/astro-wave,https://picsum.photos/id/329/300/200,https://x.com/creator88
Pulse Dash,https://example.com/pulse-dash,https://picsum.photos/id/330/300/200,https://x.com/creator89
Data Pulse,https://example.com/data-pulse,https://picsum.photos/id/331/300/200,https://x.com/creator90
Echo Wave,https://example.com/echo-wave,https://picsum.photos/id/332/300/200,https://x.com/creator91
Void Dash,https://example.com/void-dash,https://picsum.photos/id/333/300/200,https://x.com/creator92
Star Dash,https://example.com/star-dash,https://picsum.photos/id/334/300/200,https://x.com/creator93
Laser Wave,https://example.com/laser-wave,https://picsum.photos/id/335/300/200,https://x.com/creator94
Time Pulse,https://example.com/time-pulse,https://picsum.photos/id/336/300/200,https://x.com/creator95
Binary Pulse,https://example.com/binary-pulse,https://picsum.photos/id/337/300/200,https://x.com/creator96
Cosmo Wave,https://example.com/cosmo-wave,https://picsum.photos/id/338/300/200,https://x.com/creator97
Neon Dash,https://example.com/neon-dash,https://picsum.photos/id/339/300/200,https://x.com/creator98
Shadow Wave,https://example.com/shadow-wave,https://picsum.photos/id/340/300/200,https://x.com/creator99
Pixel Pulse,https://example.com/pixel-pulse,https://picsum.photos/id/341/300/200,https://x.com/creator100
